"term","justice","justiceName","post_mn","post_sd","post_med","post_025","post_975"
2020,117,"ACBarrett",0.984,0.315,0.985,0.365,1.606
2021,117,"ACBarrett",1.035,0.265,1.029,0.528,1.554
2022,117,"ACBarrett",0.795,0.279,0.785,0.274,1.37
2023,117,"ACBarrett",0.685,0.301,0.677,0.121,1.306
1965,97,"AFortas",-1.34,0.271,-1.325,-1.91,-0.847
1966,97,"AFortas",-1.521,0.222,-1.508,-1.979,-1.111
1967,97,"AFortas",-1.363,0.223,-1.354,-1.837,-0.953
1968,97,"AFortas",-1.102,0.289,-1.084,-1.712,-0.57
1962,96,"AJGoldberg",-1.154,0.224,-1.147,-1.638,-0.746
1963,96,"AJGoldberg",-1.281,0.206,-1.276,-1.708,-0.895
1964,96,"AJGoldberg",-0.787,0.265,-0.776,-1.321,-0.298
1987,106,"AMKennedy",1.223,0.274,1.213,0.705,1.765
1988,106,"AMKennedy",1.484,0.23,1.484,1.037,1.936
1989,106,"AMKennedy",1.352,0.22,1.343,0.944,1.801
1990,106,"AMKennedy",1.199,0.22,1.19,0.783,1.658
1991,106,"AMKennedy",0.856,0.205,0.85,0.476,1.259
1992,106,"AMKennedy",1.035,0.216,1.033,0.629,1.467
1993,106,"AMKennedy",0.871,0.227,0.871,0.433,1.315
1994,106,"AMKennedy",0.847,0.214,0.838,0.437,1.266
1995,106,"AMKennedy",0.743,0.211,0.743,0.344,1.157
1996,106,"AMKennedy",0.831,0.212,0.827,0.408,1.263
1997,106,"AMKennedy",0.816,0.228,0.808,0.395,1.276
1998,106,"AMKennedy",0.947,0.23,0.934,0.532,1.422
1999,106,"AMKennedy",1.084,0.237,1.083,0.624,1.572
2000,106,"AMKennedy",0.964,0.225,0.956,0.542,1.417
2001,106,"AMKennedy",1.055,0.225,1.052,0.623,1.506
2002,106,"AMKennedy",0.899,0.237,0.899,0.448,1.388
2003,106,"AMKennedy",0.765,0.224,0.755,0.337,1.214
2004,106,"AMKennedy",0.54,0.227,0.532,0.109,1.004
2005,106,"AMKennedy",0.499,0.227,0.498,0.051,0.955
2006,106,"AMKennedy",0.457,0.197,0.461,0.084,0.84
2007,106,"AMKennedy",0.42,0.217,0.417,-0.008,0.841
2008,106,"AMKennedy",0.58,0.206,0.577,0.18,0.977
2009,106,"AMKennedy",0.513,0.215,0.506,0.089,0.94
2010,106,"AMKennedy",0.57,0.213,0.565,0.172,0.997
2011,106,"AMKennedy",0.291,0.214,0.285,-0.107,0.721
2012,106,"AMKennedy",0.245,0.199,0.248,-0.154,0.635
2013,106,"AMKennedy",0.07,0.225,0.071,-0.376,0.518
2014,106,"AMKennedy",-0.226,0.21,-0.223,-0.64,0.179
2015,106,"AMKennedy",-0.268,0.232,-0.261,-0.73,0.185
2016,106,"AMKennedy",-0.049,0.233,-0.051,-0.499,0.416
2017,106,"AMKennedy",0.397,0.236,0.39,-0.067,0.864
1986,105,"AScalia",1.39,0.236,1.384,0.954,1.874
1987,105,"AScalia",1.644,0.249,1.636,1.178,2.155
1988,105,"AScalia",1.813,0.256,1.812,1.336,2.347
1989,105,"AScalia",1.988,0.277,1.986,1.479,2.542
1990,105,"AScalia",2.152,0.304,2.148,1.588,2.754
1991,105,"AScalia",2.502,0.319,2.495,1.91,3.166
1992,105,"AScalia",2.547,0.355,2.542,1.865,3.285
1993,105,"AScalia",2.64,0.364,2.624,1.949,3.38
1994,105,"AScalia",2.896,0.37,2.885,2.205,3.654
1995,105,"AScalia",3.184,0.387,3.184,2.459,3.971
1996,105,"AScalia",3.401,0.396,3.388,2.669,4.21
1997,105,"AScalia",3.482,0.403,3.465,2.723,4.332
1998,105,"AScalia",3.464,0.42,3.447,2.661,4.323
1999,105,"AScalia",3.537,0.427,3.529,2.767,4.4
2000,105,"AScalia",3.539,0.423,3.524,2.733,4.417
2001,105,"AScalia",3.373,0.431,3.356,2.586,4.254
2002,105,"AScalia",3.072,0.427,3.053,2.277,4.006
2003,105,"AScalia",2.902,0.419,2.888,2.139,3.781
2004,105,"AScalia",2.713,0.408,2.707,1.944,3.546
2005,105,"AScalia",2.628,0.399,2.621,1.879,3.457
2006,105,"AScalia",2.6,0.377,2.58,1.904,3.379
2007,105,"AScalia",2.435,0.356,2.416,1.784,3.144
2008,105,"AScalia",2.318,0.356,2.31,1.66,3.042
2009,105,"AScalia",2.286,0.348,2.276,1.64,3.017
2010,105,"AScalia",2.121,0.351,2.115,1.453,2.871
2011,105,"AScalia",2.045,0.342,2.031,1.396,2.755
2012,105,"AScalia",1.721,0.34,1.705,1.092,2.432
2013,105,"AScalia",1.582,0.348,1.578,0.928,2.289
2014,105,"AScalia",1.513,0.351,1.494,0.898,2.263
2015,105,"AScalia",1.59,0.448,1.566,0.725,2.523
2018,116,"BMKavanaugh",0.599,0.259,0.597,0.121,1.13
2019,116,"BMKavanaugh",0.558,0.236,0.549,0.117,1.052
2020,116,"BMKavanaugh",0.57,0.237,0.562,0.118,1.07
2021,116,"BMKavanaugh",0.628,0.229,0.623,0.191,1.101
2022,116,"BMKavanaugh",0.479,0.255,0.472,-0.01,0.984
2023,116,"BMKavanaugh",0.524,0.281,0.523,-0.008,1.089
1937,77,"BNCardozo",-1.579,0.635,-1.531,-2.967,-0.5
1961,95,"BRWhite",-0.334,0.296,-0.332,-0.92,0.234
1962,95,"BRWhite",-0.3,0.163,-0.295,-0.626,0.021
1963,95,"BRWhite",-0.221,0.145,-0.22,-0.5,0.058
1964,95,"BRWhite",-0.249,0.184,-0.252,-0.612,0.116
1965,95,"BRWhite",-0.196,0.169,-0.197,-0.536,0.14
1966,95,"BRWhite",-0.02,0.148,-0.019,-0.312,0.269
1967,95,"BRWhite",0.244,0.14,0.243,-0.023,0.523
1968,95,"BRWhite",0.082,0.168,0.081,-0.244,0.409
1969,95,"BRWhite",0.127,0.168,0.129,-0.212,0.442
1970,95,"BRWhite",0.453,0.165,0.45,0.133,0.787
1971,95,"BRWhite",0.639,0.165,0.639,0.322,0.974
1972,95,"BRWhite",0.961,0.17,0.953,0.645,1.311
1973,95,"BRWhite",0.556,0.159,0.551,0.253,0.881
1974,95,"BRWhite",0.602,0.178,0.599,0.269,0.971
1975,95,"BRWhite",0.502,0.155,0.502,0.203,0.807
1976,95,"BRWhite",0.346,0.146,0.342,0.076,0.643
1977,95,"BRWhite",-0.001,0.161,-0.001,-0.317,0.312
1978,95,"BRWhite",-0.053,0.151,-0.051,-0.342,0.24
1979,95,"BRWhite",0.252,0.15,0.25,-0.048,0.549
1980,95,"BRWhite",0.231,0.163,0.226,-0.077,0.554
1981,95,"BRWhite",0.268,0.155,0.265,-0.031,0.584
1982,95,"BRWhite",0.676,0.172,0.674,0.346,1.026
1983,95,"BRWhite",0.888,0.181,0.887,0.551,1.249
1984,95,"BRWhite",1.076,0.2,1.067,0.705,1.488
1985,95,"BRWhite",1.295,0.196,1.291,0.926,1.683
1986,95,"BRWhite",1.264,0.187,1.26,0.914,1.652
1987,95,"BRWhite",1.021,0.203,1.019,0.635,1.417
1988,95,"BRWhite",1.111,0.191,1.104,0.756,1.493
1989,95,"BRWhite",0.883,0.185,0.883,0.532,1.251
1990,95,"BRWhite",0.617,0.187,0.614,0.263,0.986
1991,95,"BRWhite",0.633,0.192,0.632,0.263,1.021
1992,95,"BRWhite",0.582,0.229,0.58,0.154,1.045
1937,75,"CEHughes2",-0.363,0.226,-0.36,-0.805,0.071
1938,75,"CEHughes2",-0.177,0.185,-0.179,-0.532,0.179
1939,75,"CEHughes2",0.348,0.195,0.345,-0.025,0.737
1940,75,"CEHughes2",0.937,0.242,0.931,0.481,1.422
1956,93,"CEWhittaker",0.969,0.277,0.965,0.455,1.533
1957,93,"CEWhittaker",1.013,0.191,1.008,0.66,1.409
1958,93,"CEWhittaker",1.279,0.21,1.277,0.889,1.722
1959,93,"CEWhittaker",1.37,0.218,1.368,0.953,1.81
1960,93,"CEWhittaker",1.209,0.233,1.199,0.782,1.691
1961,93,"CEWhittaker",1.144,0.336,1.137,0.526,1.841
1991,108,"CThomas",2.752,0.464,2.725,1.889,3.724
1992,108,"CThomas",3.038,0.463,3.011,2.168,3.98
1993,108,"CThomas",3.416,0.438,3.41,2.603,4.306
1994,108,"CThomas",3.632,0.449,3.623,2.791,4.523
1995,108,"CThomas",3.733,0.451,3.721,2.911,4.672
1996,108,"CThomas",3.793,0.455,3.781,2.97,4.737
1997,108,"CThomas",3.779,0.468,3.765,2.927,4.734
1998,108,"CThomas",3.809,0.487,3.783,2.897,4.817
1999,108,"CThomas",3.749,0.503,3.737,2.808,4.8
2000,108,"CThomas",3.783,0.505,3.764,2.863,4.792
2001,108,"CThomas",3.73,0.514,3.699,2.776,4.779
2002,108,"CThomas",3.86,0.508,3.837,2.893,4.872
2003,108,"CThomas",3.876,0.523,3.873,2.895,4.936
2004,108,"CThomas",3.92,0.518,3.893,2.985,4.992
2005,108,"CThomas",3.949,0.51,3.929,3.021,5.018
2006,108,"CThomas",3.897,0.496,3.872,2.973,4.93
2007,108,"CThomas",3.757,0.491,3.731,2.852,4.783
2008,108,"CThomas",3.512,0.499,3.489,2.632,4.538
2009,108,"CThomas",3.367,0.507,3.339,2.428,4.404
2010,108,"CThomas",3.202,0.512,3.176,2.257,4.246
2011,108,"CThomas",3.16,0.5,3.14,2.249,4.194
2012,108,"CThomas",3.111,0.489,3.091,2.193,4.153
2013,108,"CThomas",3.132,0.49,3.113,2.219,4.137
2014,108,"CThomas",3.141,0.491,3.111,2.245,4.156
2015,108,"CThomas",3.16,0.482,3.144,2.249,4.147
2016,108,"CThomas",3.164,0.487,3.138,2.275,4.209
2017,108,"CThomas",3.075,0.481,3.049,2.207,4.082
2018,108,"CThomas",3.106,0.478,3.087,2.23,4.077
2019,108,"CThomas",3.059,0.479,3.042,2.173,4.06
2020,108,"CThomas",2.897,0.526,2.87,1.977,3.993
2021,108,"CThomas",2.969,0.542,2.936,2.018,4.095
2022,108,"CThomas",2.971,0.571,2.935,1.973,4.143
2023,108,"CThomas",3.094,0.596,3.049,2.032,4.347
1990,107,"DHSouter",0.965,0.222,0.966,0.533,1.416
1991,107,"DHSouter",0.603,0.19,0.602,0.251,0.97
1992,107,"DHSouter",0.252,0.185,0.255,-0.113,0.616
1993,107,"DHSouter",-0.234,0.188,-0.232,-0.587,0.15
1994,107,"DHSouter",-0.342,0.19,-0.338,-0.738,0.027
1995,107,"DHSouter",-0.383,0.196,-0.379,-0.769,0.002
1996,107,"DHSouter",-0.321,0.198,-0.325,-0.711,0.062
1997,107,"DHSouter",-0.423,0.213,-0.415,-0.844,-0.019
1998,107,"DHSouter",-0.495,0.208,-0.493,-0.908,-0.098
1999,107,"DHSouter",-0.942,0.222,-0.936,-1.397,-0.495
2000,107,"DHSouter",-1.206,0.239,-1.197,-1.672,-0.75
2001,107,"DHSouter",-1.399,0.266,-1.396,-1.928,-0.887
2002,107,"DHSouter",-1.517,0.282,-1.521,-2.08,-0.979
2003,107,"DHSouter",-1.66,0.281,-1.653,-2.228,-1.127
2004,107,"DHSouter",-1.612,0.286,-1.606,-2.21,-1.077
2005,107,"DHSouter",-1.522,0.288,-1.521,-2.099,-0.979
2006,107,"DHSouter",-1.426,0.284,-1.419,-1.988,-0.887
2007,107,"DHSouter",-1.504,0.295,-1.497,-2.104,-0.951
2008,107,"DHSouter",-1.56,0.321,-1.554,-2.241,-0.989
2010,114,"EKagan",-1.449,0.346,-1.435,-2.161,-0.809
2011,114,"EKagan",-1.44,0.316,-1.428,-2.085,-0.856
2012,114,"EKagan",-1.686,0.31,-1.667,-2.321,-1.111
2013,114,"EKagan",-1.653,0.322,-1.637,-2.317,-1.051
2014,114,"EKagan",-1.701,0.312,-1.692,-2.338,-1.121
2015,114,"EKagan",-1.6,0.325,-1.584,-2.281,-1
2016,114,"EKagan",-1.648,0.325,-1.631,-2.31,-1.052
2017,114,"EKagan",-1.708,0.304,-1.698,-2.325,-1.128
2018,114,"EKagan",-1.729,0.317,-1.714,-2.346,-1.137
2019,114,"EKagan",-1.865,0.333,-1.852,-2.549,-1.238
2020,114,"EKagan",-1.986,0.356,-1.979,-2.709,-1.305
2021,114,"EKagan",-2.15,0.369,-2.129,-2.894,-1.465
2022,114,"EKagan",-2.326,0.425,-2.315,-3.186,-1.542
2023,114,"EKagan",-2.461,0.474,-2.439,-3.425,-1.576
1953,90,"EWarren",0.004,0.221,0.001,-0.435,0.444
1954,90,"EWarren",-0.469,0.211,-0.47,-0.885,-0.058
1955,90,"EWarren",-1.087,0.228,-1.082,-1.547,-0.656
1956,90,"EWarren",-1.33,0.221,-1.326,-1.781,-0.923
1957,90,"EWarren",-1.612,0.22,-1.609,-2.049,-1.164
1958,90,"EWarren",-1.664,0.233,-1.663,-2.133,-1.214
1959,90,"EWarren",-1.57,0.234,-1.558,-2.042,-1.142
1960,90,"EWarren",-1.471,0.229,-1.462,-1.926,-1.034
1961,90,"EWarren",-1.585,0.235,-1.58,-2.066,-1.144
1962,90,"EWarren",-1.524,0.23,-1.519,-2.004,-1.095
1963,90,"EWarren",-1.467,0.218,-1.46,-1.93,-1.058
1964,90,"EWarren",-1.295,0.239,-1.292,-1.802,-0.842
1965,90,"EWarren",-1.293,0.221,-1.287,-1.75,-0.879
1966,90,"EWarren",-1.223,0.202,-1.214,-1.641,-0.851
1967,90,"EWarren",-1.287,0.213,-1.28,-1.733,-0.883
1968,90,"EWarren",-1.318,0.264,-1.312,-1.852,-0.814
1938,80,"FFrankfurter",-1.372,0.323,-1.357,-2.01,-0.778
1939,80,"FFrankfurter",-1.268,0.247,-1.266,-1.763,-0.804
1940,80,"FFrankfurter",-0.734,0.21,-0.731,-1.15,-0.339
1941,80,"FFrankfurter",0.104,0.186,0.1,-0.267,0.465
1942,80,"FFrankfurter",0.466,0.185,0.462,0.1,0.842
1943,80,"FFrankfurter",0.613,0.183,0.609,0.262,0.983
1944,80,"FFrankfurter",0.515,0.177,0.512,0.177,0.879
1945,80,"FFrankfurter",0.66,0.214,0.651,0.264,1.095
1946,80,"FFrankfurter",1.044,0.205,1.043,0.652,1.447
1947,80,"FFrankfurter",0.955,0.204,0.947,0.568,1.362
1948,80,"FFrankfurter",0.638,0.188,0.635,0.284,1.022
1949,80,"FFrankfurter",0.369,0.26,0.362,-0.127,0.894
1950,80,"FFrankfurter",0.184,0.2,0.187,-0.204,0.587
1951,80,"FFrankfurter",0.015,0.186,0.017,-0.355,0.377
1952,80,"FFrankfurter",0.008,0.162,0.01,-0.305,0.321
1953,80,"FFrankfurter",0.354,0.19,0.354,-0.027,0.73
1954,80,"FFrankfurter",0.318,0.201,0.318,-0.081,0.71
1955,80,"FFrankfurter",0.585,0.194,0.582,0.22,0.98
1956,80,"FFrankfurter",0.924,0.192,0.916,0.556,1.314
1957,80,"FFrankfurter",1.189,0.205,1.182,0.81,1.617
1958,80,"FFrankfurter",1.479,0.236,1.475,1.037,1.938
1959,80,"FFrankfurter",1.774,0.254,1.765,1.311,2.29
1960,80,"FFrankfurter",1.788,0.284,1.777,1.273,2.397
1961,80,"FFrankfurter",1.786,0.374,1.77,1.085,2.569
1939,82,"FMurphy",-1.617,0.349,-1.604,-2.332,-0.96
1940,82,"FMurphy",-1.573,0.291,-1.569,-2.155,-1.014
1941,82,"FMurphy",-1.518,0.258,-1.511,-2.042,-1.038
1942,82,"FMurphy",-1.679,0.265,-1.671,-2.224,-1.199
1943,82,"FMurphy",-1.732,0.256,-1.72,-2.262,-1.258
1944,82,"FMurphy",-1.443,0.252,-1.431,-1.981,-0.983
1945,82,"FMurphy",-1.399,0.269,-1.393,-1.958,-0.891
1946,82,"FMurphy",-1.77,0.258,-1.76,-2.298,-1.285
1947,82,"FMurphy",-1.687,0.269,-1.675,-2.243,-1.186
1948,82,"FMurphy",-1.517,0.298,-1.499,-2.123,-0.99
1946,87,"FMVinson",0.412,0.193,0.406,0.051,0.805
1947,87,"FMVinson",0.532,0.182,0.529,0.187,0.896
1948,87,"FMVinson",0.869,0.208,0.86,0.488,1.305
1949,87,"FMVinson",1.11,0.279,1.111,0.56,1.642
1950,87,"FMVinson",1.265,0.28,1.267,0.725,1.834
1951,87,"FMVinson",1.529,0.276,1.523,1.008,2.074
1952,87,"FMVinson",1.475,0.322,1.453,0.892,2.148
1937,71,"GSutherland",1.589,0.553,1.546,0.619,2.821
1969,100,"HABlackmun",1.454,0.384,1.457,0.717,2.214
1970,100,"HABlackmun",1.561,0.276,1.55,1.049,2.132
1971,100,"HABlackmun",1.626,0.228,1.625,1.211,2.088
1972,100,"HABlackmun",1.438,0.207,1.433,1.057,1.862
1973,100,"HABlackmun",1.301,0.192,1.296,0.946,1.697
1974,100,"HABlackmun",1.029,0.204,1.018,0.646,1.442
1975,100,"HABlackmun",0.849,0.17,0.84,0.535,1.189
1976,100,"HABlackmun",0.673,0.164,0.668,0.364,1.002
1977,100,"HABlackmun",0.316,0.175,0.314,-0.028,0.655
1978,100,"HABlackmun",0.144,0.154,0.144,-0.162,0.461
1979,100,"HABlackmun",-0.043,0.146,-0.043,-0.34,0.24
1980,100,"HABlackmun",-0.077,0.16,-0.073,-0.401,0.231
1981,100,"HABlackmun",-0.244,0.152,-0.241,-0.542,0.048
1982,100,"HABlackmun",-0.301,0.158,-0.298,-0.612,-0.002
1983,100,"HABlackmun",0.033,0.151,0.037,-0.263,0.323
1984,100,"HABlackmun",-0.076,0.16,-0.074,-0.395,0.24
1985,100,"HABlackmun",-0.693,0.167,-0.687,-1.025,-0.379
1986,100,"HABlackmun",-0.83,0.166,-0.83,-1.158,-0.507
1987,100,"HABlackmun",-0.887,0.2,-0.883,-1.293,-0.5
1988,100,"HABlackmun",-0.926,0.18,-0.921,-1.313,-0.597
1989,100,"HABlackmun",-0.86,0.187,-0.855,-1.245,-0.504
1990,100,"HABlackmun",-1.191,0.219,-1.187,-1.648,-0.779
1991,100,"HABlackmun",-1.453,0.264,-1.44,-1.973,-0.97
1992,100,"HABlackmun",-1.663,0.299,-1.655,-2.283,-1.1
1993,100,"HABlackmun",-1.931,0.363,-1.929,-2.651,-1.252
1937,74,"HFStone",-0.758,0.257,-0.752,-1.269,-0.274
1938,74,"HFStone",-0.686,0.211,-0.68,-1.115,-0.286
1939,74,"HFStone",-0.613,0.198,-0.611,-1.01,-0.244
1940,74,"HFStone",-0.22,0.192,-0.217,-0.592,0.155
1941,74,"HFStone",0.457,0.192,0.456,0.081,0.845
1942,74,"HFStone",0.378,0.182,0.373,0.034,0.74
1943,74,"HFStone",0.243,0.176,0.242,-0.089,0.599
1944,74,"HFStone",0.584,0.179,0.58,0.249,0.94
1945,74,"HFStone",0.729,0.275,0.721,0.216,1.291
1945,86,"HHBurton",0.515,0.239,0.515,0.064,1.006
1946,86,"HHBurton",0.538,0.19,0.536,0.18,0.913
1947,86,"HHBurton",0.827,0.199,0.814,0.458,1.239
1948,86,"HHBurton",0.942,0.203,0.944,0.556,1.357
1949,86,"HHBurton",0.944,0.27,0.946,0.394,1.475
1950,86,"HHBurton",0.978,0.233,0.97,0.55,1.447
1951,86,"HHBurton",0.938,0.221,0.931,0.515,1.398
1952,86,"HHBurton",1.267,0.23,1.262,0.838,1.734
1953,86,"HHBurton",1.324,0.245,1.316,0.872,1.83
1954,86,"HHBurton",1.271,0.249,1.265,0.796,1.756
1955,86,"HHBurton",1.264,0.23,1.261,0.82,1.727
1956,86,"HHBurton",1.165,0.212,1.164,0.767,1.603
1957,86,"HHBurton",1.025,0.208,1.014,0.64,1.452
1958,86,"HHBurton",1.08,0.366,1.075,0.375,1.819
1937,78,"HLBlack",-2.905,0.331,-2.912,-3.554,-2.266
1938,78,"HLBlack",-3.228,0.36,-3.217,-3.953,-2.55
1939,78,"HLBlack",-3.314,0.382,-3.3,-4.076,-2.546
1940,78,"HLBlack",-3.341,0.391,-3.334,-4.131,-2.6
1941,78,"HLBlack",-3.26,0.389,-3.25,-4.065,-2.519
1942,78,"HLBlack",-3.045,0.376,-3.044,-3.807,-2.333
1943,78,"HLBlack",-2.719,0.373,-2.701,-3.48,-2.016
1944,78,"HLBlack",-2.549,0.34,-2.542,-3.219,-1.909
1945,78,"HLBlack",-2.155,0.341,-2.151,-2.869,-1.502
1946,78,"HLBlack",-1.95,0.295,-1.944,-2.568,-1.388
1947,78,"HLBlack",-1.799,0.276,-1.793,-2.354,-1.278
1948,78,"HLBlack",-1.59,0.279,-1.582,-2.184,-1.083
1949,78,"HLBlack",-1.533,0.347,-1.514,-2.231,-0.889
1950,78,"HLBlack",-1.503,0.305,-1.488,-2.155,-0.95
1951,78,"HLBlack",-1.369,0.272,-1.359,-1.942,-0.862
1952,78,"HLBlack",-1.105,0.239,-1.1,-1.599,-0.654
1953,78,"HLBlack",-1.489,0.259,-1.481,-2.046,-0.997
1954,78,"HLBlack",-1.634,0.282,-1.631,-2.212,-1.118
1955,78,"HLBlack",-1.976,0.293,-1.965,-2.584,-1.423
1956,78,"HLBlack",-2.197,0.278,-2.199,-2.744,-1.673
1957,78,"HLBlack",-2.259,0.272,-2.254,-2.84,-1.743
1958,78,"HLBlack",-2.098,0.277,-2.09,-2.664,-1.582
1959,78,"HLBlack",-2.069,0.27,-2.064,-2.604,-1.556
1960,78,"HLBlack",-1.954,0.262,-1.951,-2.484,-1.464
1961,78,"HLBlack",-1.88,0.258,-1.878,-2.408,-1.385
1962,78,"HLBlack",-1.767,0.246,-1.763,-2.26,-1.292
1963,78,"HLBlack",-1.497,0.224,-1.485,-1.95,-1.064
1964,78,"HLBlack",-0.942,0.221,-0.942,-1.4,-0.523
1965,78,"HLBlack",-0.566,0.183,-0.567,-0.924,-0.22
1966,78,"HLBlack",-0.415,0.155,-0.414,-0.727,-0.104
1967,78,"HLBlack",-0.095,0.139,-0.095,-0.365,0.178
1968,78,"HLBlack",0.098,0.168,0.095,-0.226,0.434
1969,78,"HLBlack",0.085,0.174,0.086,-0.249,0.416
1970,78,"HLBlack",0.001,0.176,0.004,-0.348,0.35
1937,67,"JCMcReynolds",3.456,0.554,3.434,2.443,4.603
1938,67,"JCMcReynolds",3.588,0.56,3.557,2.581,4.764
1939,67,"JCMcReynolds",3.56,0.612,3.528,2.441,4.801
1940,67,"JCMcReynolds",3.389,0.703,3.356,2.064,4.8
1941,83,"JFByrnes",-0.196,0.234,-0.196,-0.667,0.254
2005,111,"JGRoberts",1.389,0.327,1.376,0.787,2.068
2006,111,"JGRoberts",1.422,0.283,1.41,0.91,2.001
2007,111,"JGRoberts",1.408,0.278,1.401,0.876,1.971
2008,111,"JGRoberts",1.498,0.268,1.496,1.004,2.034
2009,111,"JGRoberts",1.392,0.266,1.391,0.884,1.918
2010,111,"JGRoberts",1.389,0.264,1.379,0.893,1.898
2011,111,"JGRoberts",1.201,0.258,1.195,0.717,1.724
2012,111,"JGRoberts",1.11,0.247,1.109,0.634,1.604
2013,111,"JGRoberts",0.788,0.251,0.78,0.31,1.274
2014,111,"JGRoberts",0.586,0.225,0.58,0.141,1.032
2015,111,"JGRoberts",0.321,0.234,0.318,-0.115,0.787
2016,111,"JGRoberts",0.345,0.229,0.347,-0.087,0.796
2017,111,"JGRoberts",0.403,0.214,0.4,-0.011,0.846
2018,111,"JGRoberts",0.418,0.214,0.416,0.002,0.833
2019,111,"JGRoberts",0.34,0.221,0.338,-0.099,0.779
2020,111,"JGRoberts",0.524,0.234,0.52,0.074,0.989
2021,111,"JGRoberts",0.556,0.228,0.549,0.116,1.018
2022,111,"JGRoberts",0.46,0.26,0.45,-0.034,0.985
2023,111,"JGRoberts",0.514,0.279,0.51,-0.012,1.081
1954,91,"JHarlan2",0.851,0.328,0.839,0.217,1.493
1955,91,"JHarlan2",1.062,0.238,1.065,0.609,1.526
1956,91,"JHarlan2",1.234,0.22,1.223,0.83,1.696
1957,91,"JHarlan2",1.33,0.206,1.326,0.936,1.747
1958,91,"JHarlan2",1.495,0.232,1.487,1.052,1.964
1959,91,"JHarlan2",1.644,0.249,1.641,1.18,2.152
1960,91,"JHarlan2",1.901,0.28,1.899,1.372,2.445
1961,91,"JHarlan2",2.279,0.305,2.266,1.712,2.886
1962,91,"JHarlan2",2.57,0.312,2.559,1.995,3.215
1963,91,"JHarlan2",2.663,0.309,2.654,2.074,3.306
1964,91,"JHarlan2",2.451,0.327,2.443,1.823,3.084
1965,91,"JHarlan2",2.357,0.301,2.352,1.788,2.958
1966,91,"JHarlan2",2.048,0.263,2.048,1.551,2.546
1967,91,"JHarlan2",1.467,0.221,1.451,1.059,1.923
1968,91,"JHarlan2",0.76,0.207,0.755,0.366,1.184
1969,91,"JHarlan2",0.682,0.194,0.679,0.319,1.07
1970,91,"JHarlan2",0.778,0.212,0.775,0.376,1.199
1975,103,"JPStevens",0.08,0.19,0.079,-0.294,0.446
1976,103,"JPStevens",-0.181,0.149,-0.181,-0.484,0.095
1977,103,"JPStevens",-0.081,0.16,-0.084,-0.397,0.238
1978,103,"JPStevens",-0.303,0.154,-0.298,-0.61,-0.013
1979,103,"JPStevens",-0.236,0.148,-0.237,-0.535,0.062
1980,103,"JPStevens",-0.225,0.161,-0.222,-0.548,0.082
1981,103,"JPStevens",-0.226,0.151,-0.226,-0.525,0.07
1982,103,"JPStevens",-0.532,0.164,-0.534,-0.855,-0.218
1983,103,"JPStevens",-0.5,0.161,-0.496,-0.82,-0.19
1984,103,"JPStevens",-0.463,0.17,-0.467,-0.791,-0.12
1985,103,"JPStevens",-0.456,0.16,-0.454,-0.772,-0.143
1986,103,"JPStevens",-0.592,0.159,-0.591,-0.91,-0.287
1987,103,"JPStevens",-0.489,0.179,-0.484,-0.839,-0.14
1988,103,"JPStevens",-0.586,0.165,-0.582,-0.914,-0.275
1989,103,"JPStevens",-0.996,0.196,-0.99,-1.402,-0.626
1990,103,"JPStevens",-1.726,0.263,-1.717,-2.255,-1.236
1991,103,"JPStevens",-2.174,0.299,-2.173,-2.762,-1.593
1992,103,"JPStevens",-2.379,0.339,-2.374,-3.08,-1.733
1993,103,"JPStevens",-2.587,0.383,-2.577,-3.356,-1.877
1994,103,"JPStevens",-3.014,0.384,-3.002,-3.768,-2.278
1995,103,"JPStevens",-3.279,0.39,-3.266,-4.054,-2.539
1996,103,"JPStevens",-3.39,0.406,-3.378,-4.222,-2.643
1997,103,"JPStevens",-3.357,0.42,-3.353,-4.225,-2.574
1998,103,"JPStevens",-3.377,0.418,-3.367,-4.256,-2.602
1999,103,"JPStevens",-3.309,0.423,-3.304,-4.191,-2.532
2000,103,"JPStevens",-3.141,0.459,-3.125,-4.08,-2.29
2001,103,"JPStevens",-3.038,0.461,-3.007,-3.996,-2.204
2002,103,"JPStevens",-2.928,0.465,-2.906,-3.905,-2.058
2003,103,"JPStevens",-2.909,0.454,-2.887,-3.894,-2.085
2004,103,"JPStevens",-2.898,0.437,-2.881,-3.813,-2.118
2005,103,"JPStevens",-2.853,0.439,-2.839,-3.727,-2.037
2006,103,"JPStevens",-2.818,0.449,-2.806,-3.729,-2.012
2007,103,"JPStevens",-2.69,0.468,-2.68,-3.717,-1.845
2008,103,"JPStevens",-2.86,0.476,-2.835,-3.892,-2.011
2009,103,"JPStevens",-2.863,0.533,-2.843,-3.975,-1.899
2022,118,"KBJackson",-1.951,0.526,-1.913,-3.072,-1.023
2023,118,"KBJackson",-2.045,0.528,-1.996,-3.171,-1.133
1937,68,"LDBrandeis",-0.601,0.276,-0.59,-1.156,-0.084
1938,68,"LDBrandeis",-0.609,0.312,-0.605,-1.253,-0.014
1971,101,"LFPowell",1.399,0.253,1.392,0.906,1.915
1972,101,"LFPowell",1.178,0.197,1.172,0.802,1.563
1973,101,"LFPowell",1.157,0.184,1.152,0.815,1.516
1974,101,"LFPowell",1.096,0.206,1.09,0.699,1.526
1975,101,"LFPowell",0.928,0.178,0.927,0.579,1.288
1976,101,"LFPowell",0.676,0.163,0.671,0.365,1.004
1977,101,"LFPowell",0.455,0.171,0.456,0.127,0.799
1978,101,"LFPowell",0.825,0.181,0.82,0.481,1.189
1979,101,"LFPowell",0.827,0.172,0.824,0.51,1.169
1980,101,"LFPowell",0.875,0.193,0.866,0.517,1.278
1981,101,"LFPowell",1.034,0.183,1.029,0.691,1.405
1982,101,"LFPowell",1.264,0.202,1.264,0.885,1.671
1983,101,"LFPowell",1.13,0.193,1.129,0.755,1.503
1984,101,"LFPowell",0.852,0.202,0.851,0.466,1.257
1985,101,"LFPowell",0.936,0.184,0.931,0.578,1.301
1986,101,"LFPowell",0.876,0.191,0.869,0.513,1.263
2016,115,"NMGorsuch",1.136,0.36,1.135,0.447,1.853
2017,115,"NMGorsuch",1.06,0.275,1.05,0.554,1.633
2018,115,"NMGorsuch",0.976,0.257,0.976,0.491,1.486
2019,115,"NMGorsuch",0.917,0.25,0.911,0.451,1.434
2020,115,"NMGorsuch",1.083,0.264,1.079,0.579,1.613
2021,115,"NMGorsuch",1.027,0.266,1.02,0.531,1.564
2022,115,"NMGorsuch",1.079,0.29,1.071,0.54,1.665
2023,115,"NMGorsuch",1.119,0.321,1.11,0.521,1.749
1937,76,"OJRoberts",0.024,0.229,0.023,-0.406,0.472
1938,76,"OJRoberts",0.36,0.199,0.357,-0.025,0.743
1939,76,"OJRoberts",1.015,0.229,1.003,0.588,1.495
1940,76,"OJRoberts",1.64,0.271,1.638,1.119,2.197
1941,76,"OJRoberts",1.844,0.319,1.829,1.255,2.514
1942,76,"OJRoberts",2.095,0.344,2.087,1.464,2.784
1943,76,"OJRoberts",2.417,0.375,2.395,1.724,3.209
1944,76,"OJRoberts",2.749,0.405,2.721,2.002,3.653
1937,72,"PButler",2.076,0.433,2.045,1.326,3
1938,72,"PButler",2.375,0.434,2.35,1.602,3.269
1958,94,"PStewart",0.835,0.2,0.833,0.459,1.235
1959,94,"PStewart",0.573,0.171,0.57,0.249,0.904
1960,94,"PStewart",0.447,0.17,0.446,0.112,0.784
1961,94,"PStewart",0.261,0.173,0.259,-0.062,0.59
1962,94,"PStewart",0.27,0.155,0.264,-0.032,0.585
1963,94,"PStewart",0.166,0.148,0.164,-0.116,0.464
1964,94,"PStewart",0.352,0.193,0.354,-0.024,0.735
1965,94,"PStewart",0.501,0.175,0.5,0.152,0.854
1966,94,"PStewart",0.591,0.158,0.586,0.288,0.909
1967,94,"PStewart",-0.1,0.139,-0.097,-0.374,0.172
1968,94,"PStewart",0.34,0.175,0.336,0.007,0.683
1969,94,"PStewart",0.458,0.174,0.462,0.107,0.797
1970,94,"PStewart",0.482,0.165,0.481,0.173,0.812
1971,94,"PStewart",0.088,0.151,0.09,-0.205,0.383
1972,94,"PStewart",0.139,0.147,0.139,-0.144,0.427
1973,94,"PStewart",0.492,0.153,0.492,0.202,0.8
1974,94,"PStewart",0.355,0.172,0.351,0.029,0.702
1975,94,"PStewart",0.489,0.154,0.485,0.192,0.796
1976,94,"PStewart",0.477,0.158,0.473,0.173,0.796
1977,94,"PStewart",0.312,0.16,0.311,-0.003,0.63
1978,94,"PStewart",0.508,0.167,0.504,0.194,0.839
1979,94,"PStewart",0.489,0.157,0.488,0.188,0.802
1980,94,"PStewart",0.729,0.204,0.721,0.355,1.141
1993,109,"RBGinsburg",-0.209,0.221,-0.204,-0.649,0.226
1994,109,"RBGinsburg",-0.447,0.203,-0.442,-0.865,-0.065
1995,109,"RBGinsburg",-0.53,0.203,-0.532,-0.94,-0.137
1996,109,"RBGinsburg",-0.599,0.21,-0.598,-1.021,-0.193
1997,109,"RBGinsburg",-0.729,0.223,-0.72,-1.206,-0.318
1998,109,"RBGinsburg",-0.806,0.224,-0.802,-1.263,-0.38
1999,109,"RBGinsburg",-1.256,0.239,-1.244,-1.747,-0.803
2000,109,"RBGinsburg",-1.5,0.272,-1.485,-2.046,-0.988
2001,109,"RBGinsburg",-1.627,0.288,-1.618,-2.223,-1.086
2002,109,"RBGinsburg",-1.687,0.296,-1.677,-2.29,-1.139
2003,109,"RBGinsburg",-1.756,0.299,-1.741,-2.373,-1.192
2004,109,"RBGinsburg",-1.684,0.299,-1.673,-2.305,-1.139
2005,109,"RBGinsburg",-1.574,0.301,-1.571,-2.183,-1.014
2006,109,"RBGinsburg",-1.691,0.292,-1.683,-2.277,-1.134
2007,109,"RBGinsburg",-1.675,0.298,-1.667,-2.274,-1.129
2008,109,"RBGinsburg",-1.729,0.29,-1.721,-2.32,-1.182
2009,109,"RBGinsburg",-1.696,0.32,-1.687,-2.339,-1.112
2010,109,"RBGinsburg",-2.101,0.341,-2.089,-2.827,-1.45
2011,109,"RBGinsburg",-2.382,0.352,-2.375,-3.091,-1.722
2012,109,"RBGinsburg",-2.494,0.381,-2.481,-3.258,-1.783
2013,109,"RBGinsburg",-2.495,0.406,-2.476,-3.332,-1.722
2014,109,"RBGinsburg",-2.599,0.412,-2.583,-3.452,-1.853
2015,109,"RBGinsburg",-2.724,0.425,-2.716,-3.594,-1.942
2016,109,"RBGinsburg",-2.822,0.429,-2.806,-3.722,-2.022
2017,109,"RBGinsburg",-2.883,0.443,-2.861,-3.794,-2.076
2018,109,"RBGinsburg",-2.93,0.469,-2.912,-3.889,-2.073
2019,109,"RBGinsburg",-2.914,0.522,-2.91,-3.978,-1.963
1941,84,"RHJackson",0.205,0.216,0.205,-0.206,0.629
1942,84,"RHJackson",0.236,0.181,0.236,-0.105,0.585
1943,84,"RHJackson",0.137,0.18,0.134,-0.212,0.511
1944,84,"RHJackson",0.205,0.174,0.2,-0.129,0.55
1945,84,"RHJackson",0.628,0.268,0.624,0.101,1.174
1946,84,"RHJackson",1.061,0.225,1.049,0.644,1.535
1947,84,"RHJackson",1.213,0.226,1.214,0.79,1.675
1948,84,"RHJackson",1.284,0.234,1.268,0.856,1.767
1949,84,"RHJackson",0.866,0.312,0.845,0.314,1.505
1950,84,"RHJackson",0.786,0.232,0.776,0.355,1.264
1951,84,"RHJackson",0.706,0.207,0.702,0.319,1.125
1952,84,"RHJackson",0.9,0.22,0.89,0.496,1.352
1953,84,"RHJackson",0.844,0.268,0.83,0.332,1.39
2005,112,"SAAlito",1.41,0.365,1.39,0.734,2.16
2006,112,"SAAlito",1.441,0.291,1.432,0.911,2.026
2007,112,"SAAlito",1.535,0.295,1.537,0.965,2.13
2008,112,"SAAlito",1.803,0.289,1.796,1.275,2.429
2009,112,"SAAlito",1.846,0.31,1.843,1.256,2.465
2010,112,"SAAlito",1.985,0.314,1.965,1.397,2.625
2011,112,"SAAlito",1.991,0.319,1.986,1.38,2.638
2012,112,"SAAlito",1.973,0.326,1.956,1.374,2.65
2013,112,"SAAlito",1.916,0.333,1.91,1.297,2.605
2014,112,"SAAlito",1.746,0.324,1.737,1.139,2.413
2015,112,"SAAlito",1.659,0.336,1.657,1.025,2.325
2016,112,"SAAlito",1.874,0.343,1.872,1.22,2.538
2017,112,"SAAlito",2.098,0.341,2.097,1.461,2.774
2018,112,"SAAlito",2.071,0.357,2.057,1.424,2.771
2019,112,"SAAlito",2.317,0.363,2.308,1.659,3.073
2020,112,"SAAlito",2.441,0.39,2.433,1.7,3.241
2021,112,"SAAlito",2.484,0.415,2.465,1.718,3.351
2022,112,"SAAlito",2.546,0.458,2.519,1.721,3.49
2023,112,"SAAlito",2.532,0.505,2.519,1.557,3.553
1981,104,"SDOConnor",1.677,0.258,1.672,1.217,2.205
1982,104,"SDOConnor",1.817,0.244,1.815,1.339,2.314
1983,104,"SDOConnor",1.787,0.244,1.78,1.338,2.285
1984,104,"SDOConnor",1.587,0.23,1.581,1.152,2.052
1985,104,"SDOConnor",1.377,0.218,1.368,0.964,1.821
1986,104,"SDOConnor",1.448,0.209,1.439,1.07,1.872
1987,104,"SDOConnor",1.613,0.234,1.605,1.178,2.083
1988,104,"SDOConnor",1.536,0.234,1.53,1.094,2.001
1989,104,"SDOConnor",1.539,0.232,1.537,1.091,2.005
1990,104,"SDOConnor",1.151,0.21,1.148,0.744,1.576
1991,104,"SDOConnor",0.697,0.205,0.694,0.313,1.11
1992,104,"SDOConnor",0.852,0.212,0.847,0.449,1.27
1993,104,"SDOConnor",1.013,0.22,1.009,0.603,1.458
1994,104,"SDOConnor",0.835,0.217,0.826,0.427,1.274
1995,104,"SDOConnor",0.874,0.216,0.871,0.461,1.301
1996,104,"SDOConnor",0.985,0.222,0.98,0.554,1.428
1997,104,"SDOConnor",1.095,0.236,1.089,0.637,1.564
1998,104,"SDOConnor",0.991,0.225,0.992,0.565,1.445
1999,104,"SDOConnor",0.891,0.213,0.883,0.485,1.308
2000,104,"SDOConnor",0.601,0.198,0.6,0.22,1.007
2001,104,"SDOConnor",0.374,0.206,0.369,-0.017,0.798
2002,104,"SDOConnor",0.268,0.211,0.264,-0.149,0.677
2003,104,"SDOConnor",0.224,0.202,0.221,-0.163,0.631
2004,104,"SDOConnor",0.117,0.236,0.117,-0.349,0.588
2005,104,"SDOConnor",0.062,0.35,0.066,-0.615,0.746
1937,79,"SFReed",-1.027,0.343,-1.025,-1.705,-0.366
1938,79,"SFReed",-1.121,0.252,-1.116,-1.639,-0.644
1939,79,"SFReed",-1.051,0.239,-1.05,-1.519,-0.599
1940,79,"SFReed",-0.734,0.206,-0.738,-1.144,-0.328
1941,79,"SFReed",-0.279,0.183,-0.28,-0.635,0.088
1942,79,"SFReed",0.149,0.174,0.148,-0.206,0.498
1943,79,"SFReed",0.154,0.169,0.148,-0.176,0.488
1944,79,"SFReed",-0.075,0.161,-0.075,-0.388,0.242
1945,79,"SFReed",0.081,0.194,0.079,-0.287,0.476
1946,79,"SFReed",0.3,0.175,0.297,-0.04,0.648
1947,79,"SFReed",0.54,0.18,0.538,0.196,0.893
1948,79,"SFReed",0.696,0.194,0.691,0.319,1.082
1949,79,"SFReed",1.092,0.261,1.092,0.584,1.611
1950,79,"SFReed",1.216,0.263,1.208,0.729,1.741
1951,79,"SFReed",1.301,0.254,1.294,0.821,1.813
1952,79,"SFReed",1.373,0.255,1.365,0.895,1.91
1953,79,"SFReed",1.52,0.263,1.511,1.02,2.059
1954,79,"SFReed",1.486,0.254,1.484,1.005,1.996
1955,79,"SFReed",1.05,0.248,1.039,0.576,1.571
1956,79,"SFReed",0.794,0.292,0.783,0.257,1.404
1994,110,"SGBreyer",-0.337,0.225,-0.334,-0.777,0.094
1995,110,"SGBreyer",-0.509,0.209,-0.502,-0.916,-0.106
1996,110,"SGBreyer",-0.76,0.218,-0.761,-1.199,-0.332
1997,110,"SGBreyer",-0.787,0.233,-0.779,-1.263,-0.356
1998,110,"SGBreyer",-0.747,0.212,-0.742,-1.17,-0.335
1999,110,"SGBreyer",-0.783,0.215,-0.779,-1.21,-0.36
2000,110,"SGBreyer",-1.234,0.242,-1.234,-1.725,-0.783
2001,110,"SGBreyer",-1.313,0.253,-1.309,-1.807,-0.823
2002,110,"SGBreyer",-1.317,0.272,-1.314,-1.857,-0.798
2003,110,"SGBreyer",-1.244,0.26,-1.235,-1.766,-0.769
2004,110,"SGBreyer",-1.071,0.254,-1.065,-1.585,-0.599
2005,110,"SGBreyer",-1.243,0.262,-1.235,-1.791,-0.737
2006,110,"SGBreyer",-1.357,0.259,-1.347,-1.879,-0.873
2007,110,"SGBreyer",-1.277,0.263,-1.273,-1.797,-0.769
2008,110,"SGBreyer",-1.188,0.247,-1.188,-1.672,-0.709
2009,110,"SGBreyer",-1.329,0.264,-1.326,-1.865,-0.838
2010,110,"SGBreyer",-1.405,0.269,-1.398,-1.944,-0.915
2011,110,"SGBreyer",-1.406,0.274,-1.392,-1.954,-0.886
2012,110,"SGBreyer",-1.391,0.284,-1.389,-1.97,-0.858
2013,110,"SGBreyer",-1.479,0.299,-1.476,-2.084,-0.912
2014,110,"SGBreyer",-1.596,0.297,-1.597,-2.187,-1.039
2015,110,"SGBreyer",-1.518,0.309,-1.51,-2.122,-0.928
2016,110,"SGBreyer",-1.614,0.317,-1.608,-2.256,-0.996
2017,110,"SGBreyer",-1.839,0.31,-1.835,-2.483,-1.248
2018,110,"SGBreyer",-1.951,0.336,-1.936,-2.635,-1.315
2019,110,"SGBreyer",-2.058,0.352,-2.048,-2.779,-1.401
2020,110,"SGBreyer",-2.177,0.378,-2.171,-2.933,-1.484
2021,110,"SGBreyer",-2.18,0.419,-2.16,-3.036,-1.398
1949,89,"SMinton",1.222,0.353,1.222,0.555,1.959
1950,89,"SMinton",1.364,0.29,1.35,0.827,1.964
1951,89,"SMinton",1.461,0.264,1.451,0.978,2.018
1952,89,"SMinton",1.272,0.235,1.268,0.847,1.753
1953,89,"SMinton",0.887,0.227,0.876,0.466,1.355
1954,89,"SMinton",0.883,0.223,0.88,0.473,1.337
1955,89,"SMinton",0.863,0.242,0.851,0.43,1.377
1956,89,"SMinton",0.83,0.373,0.829,0.111,1.564
2009,113,"SSotomayor",-1.63,0.353,-1.623,-2.363,-0.978
2010,113,"SSotomayor",-1.718,0.344,-1.703,-2.428,-1.093
2011,113,"SSotomayor",-1.905,0.364,-1.889,-2.657,-1.245
2012,113,"SSotomayor",-2.366,0.376,-2.363,-3.119,-1.661
2013,113,"SSotomayor",-2.708,0.422,-2.692,-3.594,-1.94
2014,113,"SSotomayor",-3.016,0.444,-3.007,-3.929,-2.225
2015,113,"SSotomayor",-3.264,0.472,-3.249,-4.282,-2.422
2016,113,"SSotomayor",-3.472,0.482,-3.448,-4.483,-2.591
2017,113,"SSotomayor",-3.713,0.506,-3.693,-4.768,-2.806
2018,113,"SSotomayor",-3.841,0.523,-3.803,-4.982,-2.914
2019,113,"SSotomayor",-3.961,0.558,-3.92,-5.125,-2.908
2020,113,"SSotomayor",-4.073,0.601,-4.045,-5.3,-2.932
2021,113,"SSotomayor",-4.13,0.635,-4.113,-5.459,-2.954
2022,113,"SSotomayor",-4.102,0.7,-4.074,-5.535,-2.814
2023,113,"SSotomayor",-4.094,0.753,-4.056,-5.72,-2.695
1949,88,"TCClark",1.056,0.346,1.035,0.413,1.768
1950,88,"TCClark",1.113,0.288,1.105,0.588,1.735
1951,88,"TCClark",1.186,0.245,1.183,0.72,1.675
1952,88,"TCClark",1.169,0.225,1.163,0.731,1.619
1953,88,"TCClark",0.608,0.214,0.606,0.185,1.039
1954,88,"TCClark",0.15,0.2,0.145,-0.229,0.541
1955,88,"TCClark",0.017,0.184,0.017,-0.342,0.379
1956,88,"TCClark",0.161,0.164,0.161,-0.164,0.483
1957,88,"TCClark",0.586,0.158,0.58,0.287,0.9
1958,88,"TCClark",0.527,0.172,0.524,0.192,0.857
1959,88,"TCClark",0.348,0.16,0.344,0.041,0.655
1960,88,"TCClark",0.756,0.176,0.754,0.414,1.106
1961,88,"TCClark",0.458,0.179,0.451,0.122,0.812
1962,88,"TCClark",0.335,0.153,0.33,0.036,0.654
1963,88,"TCClark",0.041,0.145,0.042,-0.246,0.325
1964,88,"TCClark",-0.213,0.182,-0.215,-0.566,0.14
1965,88,"TCClark",-0.1,0.166,-0.099,-0.433,0.232
1966,88,"TCClark",0.11,0.162,0.107,-0.199,0.432
1967,98,"TMarshall",-1.173,0.237,-1.161,-1.658,-0.72
1968,98,"TMarshall",-1.103,0.231,-1.099,-1.562,-0.669
1969,98,"TMarshall",-0.95,0.22,-0.942,-1.406,-0.54
1970,98,"TMarshall",-0.969,0.202,-0.957,-1.389,-0.601
1971,98,"TMarshall",-1.083,0.197,-1.078,-1.482,-0.712
1972,98,"TMarshall",-1.37,0.203,-1.366,-1.779,-0.989
1973,98,"TMarshall",-1.471,0.213,-1.464,-1.901,-1.056
1974,98,"TMarshall",-1.494,0.247,-1.486,-2.003,-1.026
1975,98,"TMarshall",-2.045,0.272,-2.034,-2.601,-1.54
1976,98,"TMarshall",-2.384,0.299,-2.377,-2.991,-1.83
1977,98,"TMarshall",-2.713,0.346,-2.702,-3.423,-2.053
1978,98,"TMarshall",-3.06,0.37,-3.048,-3.813,-2.38
1979,98,"TMarshall",-3.323,0.389,-3.312,-4.135,-2.599
1980,98,"TMarshall",-3.478,0.409,-3.46,-4.311,-2.736
1981,98,"TMarshall",-3.61,0.433,-3.589,-4.501,-2.801
1982,98,"TMarshall",-3.776,0.453,-3.756,-4.722,-2.933
1983,98,"TMarshall",-3.861,0.468,-3.841,-4.869,-3.019
1984,98,"TMarshall",-3.945,0.493,-3.932,-4.942,-3.041
1985,98,"TMarshall",-4.069,0.507,-4.053,-5.117,-3.123
1986,98,"TMarshall",-4.279,0.515,-4.255,-5.38,-3.337
1987,98,"TMarshall",-4.424,0.522,-4.401,-5.509,-3.453
1988,98,"TMarshall",-4.481,0.562,-4.45,-5.667,-3.412
1989,98,"TMarshall",-4.459,0.611,-4.433,-5.744,-3.31
1990,98,"TMarshall",-4.319,0.699,-4.292,-5.752,-3.027
1942,85,"WBRutledge",-1.14,0.296,-1.131,-1.763,-0.575
1943,85,"WBRutledge",-1.163,0.238,-1.158,-1.659,-0.718
1944,85,"WBRutledge",-1.381,0.226,-1.376,-1.85,-0.973
1945,85,"WBRutledge",-1.194,0.264,-1.194,-1.707,-0.688
1946,85,"WBRutledge",-1.433,0.255,-1.429,-1.932,-0.952
1947,85,"WBRutledge",-1.756,0.276,-1.754,-2.286,-1.221
1948,85,"WBRutledge",-1.828,0.316,-1.823,-2.458,-1.237
1969,99,"WEBurger",1.981,0.35,1.969,1.327,2.68
1970,99,"WEBurger",2.173,0.312,2.156,1.609,2.811
1971,99,"WEBurger",2.403,0.284,2.395,1.851,2.985
1972,99,"WEBurger",2.195,0.272,2.189,1.673,2.744
1973,99,"WEBurger",2.201,0.264,2.198,1.709,2.715
1974,99,"WEBurger",2.112,0.268,2.107,1.614,2.663
1975,99,"WEBurger",1.975,0.261,1.961,1.487,2.522
1976,99,"WEBurger",1.925,0.247,1.915,1.463,2.436
1977,99,"WEBurger",1.53,0.232,1.527,1.084,1.984
1978,99,"WEBurger",1.412,0.218,1.406,1.002,1.848
1979,99,"WEBurger",1.245,0.21,1.244,0.851,1.674
1980,99,"WEBurger",1.509,0.231,1.509,1.061,1.956
1981,99,"WEBurger",1.694,0.229,1.692,1.263,2.142
1982,99,"WEBurger",1.583,0.24,1.573,1.129,2.06
1983,99,"WEBurger",1.814,0.251,1.808,1.334,2.326
1984,99,"WEBurger",2.113,0.279,2.112,1.604,2.658
1985,99,"WEBurger",2.238,0.324,2.23,1.662,2.932
1971,102,"WHRehnquist",3.555,0.359,3.553,2.853,4.293
1972,102,"WHRehnquist",3.97,0.373,3.963,3.261,4.742
1973,102,"WHRehnquist",4.242,0.398,4.233,3.457,5.035
1974,102,"WHRehnquist",4.34,0.427,4.332,3.497,5.205
1975,102,"WHRehnquist",4.453,0.456,4.448,3.575,5.391
1976,102,"WHRehnquist",4.424,0.477,4.414,3.507,5.386
1977,102,"WHRehnquist",4.435,0.486,4.41,3.535,5.405
1978,102,"WHRehnquist",4.472,0.482,4.463,3.586,5.449
1979,102,"WHRehnquist",4.51,0.47,4.496,3.652,5.472
1980,102,"WHRehnquist",4.368,0.469,4.348,3.497,5.314
1981,102,"WHRehnquist",4.229,0.473,4.205,3.368,5.202
1982,102,"WHRehnquist",4.162,0.46,4.14,3.307,5.101
1983,102,"WHRehnquist",4.061,0.436,4.055,3.234,4.935
1984,102,"WHRehnquist",3.832,0.417,3.815,3.055,4.686
1985,102,"WHRehnquist",3.617,0.402,3.609,2.867,4.46
1986,102,"WHRehnquist",3.344,0.378,3.333,2.619,4.145
1987,102,"WHRehnquist",2.892,0.382,2.88,2.181,3.674
1988,102,"WHRehnquist",2.761,0.352,2.754,2.09,3.488
1989,102,"WHRehnquist",2.611,0.334,2.601,1.992,3.301
1990,102,"WHRehnquist",2.399,0.324,2.383,1.814,3.065
1991,102,"WHRehnquist",2.136,0.309,2.126,1.572,2.767
1992,102,"WHRehnquist",2.066,0.305,2.063,1.478,2.671
1993,102,"WHRehnquist",1.866,0.307,1.861,1.276,2.481
1994,102,"WHRehnquist",1.876,0.291,1.871,1.308,2.453
1995,102,"WHRehnquist",1.838,0.275,1.835,1.311,2.403
1996,102,"WHRehnquist",1.688,0.283,1.685,1.146,2.269
1997,102,"WHRehnquist",1.658,0.29,1.652,1.13,2.248
1998,102,"WHRehnquist",1.868,0.284,1.861,1.328,2.445
1999,102,"WHRehnquist",1.74,0.283,1.739,1.208,2.314
2000,102,"WHRehnquist",1.687,0.271,1.677,1.183,2.245
2001,102,"WHRehnquist",1.434,0.271,1.421,0.928,1.997
2002,102,"WHRehnquist",1.273,0.274,1.268,0.758,1.846
2003,102,"WHRehnquist",1.398,0.286,1.395,0.87,1.968
2004,102,"WHRehnquist",1.452,0.345,1.441,0.788,2.14
1956,92,"WJBrennan",-0.701,0.208,-0.694,-1.124,-0.294
1957,92,"WJBrennan",-0.817,0.184,-0.813,-1.191,-0.463
1958,92,"WJBrennan",-0.849,0.188,-0.846,-1.243,-0.488
1959,92,"WJBrennan",-0.935,0.188,-0.931,-1.32,-0.578
1960,92,"WJBrennan",-0.883,0.19,-0.878,-1.265,-0.528
1961,92,"WJBrennan",-0.852,0.205,-0.852,-1.252,-0.457
1962,92,"WJBrennan",-1.242,0.204,-1.234,-1.64,-0.864
1963,92,"WJBrennan",-1.222,0.193,-1.222,-1.595,-0.859
1964,92,"WJBrennan",-1.039,0.219,-1.026,-1.473,-0.647
1965,92,"WJBrennan",-1.135,0.213,-1.129,-1.557,-0.729
1966,92,"WJBrennan",-1.151,0.199,-1.147,-1.555,-0.785
1967,92,"WJBrennan",-1.255,0.195,-1.249,-1.65,-0.886
1968,92,"WJBrennan",-1.073,0.212,-1.068,-1.509,-0.664
1969,92,"WJBrennan",-0.944,0.215,-0.935,-1.362,-0.54
1970,92,"WJBrennan",-1.058,0.202,-1.054,-1.464,-0.686
1971,92,"WJBrennan",-1.185,0.201,-1.179,-1.584,-0.796
1972,92,"WJBrennan",-1.411,0.212,-1.407,-1.827,-1.003
1973,92,"WJBrennan",-1.729,0.234,-1.722,-2.2,-1.291
1974,92,"WJBrennan",-1.927,0.267,-1.922,-2.442,-1.426
1975,92,"WJBrennan",-2.417,0.287,-2.411,-3.002,-1.871
1976,92,"WJBrennan",-2.656,0.299,-2.642,-3.275,-2.081
1977,92,"WJBrennan",-2.651,0.316,-2.64,-3.303,-2.044
1978,92,"WJBrennan",-2.563,0.313,-2.548,-3.203,-2.002
1979,92,"WJBrennan",-2.474,0.311,-2.465,-3.094,-1.901
1980,92,"WJBrennan",-2.335,0.306,-2.33,-2.947,-1.764
1981,92,"WJBrennan",-2.328,0.296,-2.318,-2.935,-1.792
1982,92,"WJBrennan",-2.113,0.302,-2.097,-2.733,-1.54
1983,92,"WJBrennan",-2.442,0.3,-2.43,-3.073,-1.875
1984,92,"WJBrennan",-2.585,0.32,-2.577,-3.243,-1.975
1985,92,"WJBrennan",-2.551,0.338,-2.537,-3.243,-1.932
1986,92,"WJBrennan",-2.812,0.335,-2.799,-3.487,-2.19
1987,92,"WJBrennan",-2.923,0.368,-2.919,-3.662,-2.246
1988,92,"WJBrennan",-3.079,0.391,-3.059,-3.922,-2.369
1989,92,"WJBrennan",-3.184,0.435,-3.175,-4.103,-2.382
1938,81,"WODouglas",-2.798,0.485,-2.78,-3.77,-1.856
1939,81,"WODouglas",-3.027,0.44,-3.008,-3.956,-2.242
1940,81,"WODouglas",-3.161,0.395,-3.148,-3.971,-2.433
1941,81,"WODouglas",-3.112,0.369,-3.105,-3.861,-2.418
1942,81,"WODouglas",-2.835,0.353,-2.829,-3.546,-2.168
1943,81,"WODouglas",-2.486,0.33,-2.476,-3.172,-1.886
1944,81,"WODouglas",-1.995,0.305,-1.976,-2.643,-1.441
1945,81,"WODouglas",-1.736,0.301,-1.728,-2.353,-1.165
1946,81,"WODouglas",-1.413,0.269,-1.404,-1.97,-0.93
1947,81,"WODouglas",-1.499,0.265,-1.493,-2.049,-1.012
1948,81,"WODouglas",-1.661,0.267,-1.659,-2.19,-1.166
1949,81,"WODouglas",-1.474,0.332,-1.469,-2.146,-0.851
1950,81,"WODouglas",-1.283,0.331,-1.269,-1.972,-0.682
1951,81,"WODouglas",-1.514,0.346,-1.491,-2.231,-0.898
1952,81,"WODouglas",-2.177,0.376,-2.159,-2.979,-1.483
1953,81,"WODouglas",-2.893,0.414,-2.89,-3.717,-2.123
1954,81,"WODouglas",-3.593,0.449,-3.586,-4.503,-2.731
1955,81,"WODouglas",-4.164,0.473,-4.153,-5.091,-3.278
1956,81,"WODouglas",-4.664,0.494,-4.67,-5.657,-3.73
1957,81,"WODouglas",-5.079,0.531,-5.062,-6.126,-4.069
1958,81,"WODouglas",-5.447,0.568,-5.429,-6.589,-4.382
1959,81,"WODouglas",-5.746,0.602,-5.737,-6.892,-4.612
1960,81,"WODouglas",-6.005,0.65,-6.016,-7.24,-4.749
1961,81,"WODouglas",-6.244,0.679,-6.241,-7.557,-4.91
1962,81,"WODouglas",-6.458,0.713,-6.462,-7.871,-5.062
1963,81,"WODouglas",-6.656,0.746,-6.639,-8.183,-5.229
1964,81,"WODouglas",-6.885,0.77,-6.868,-8.447,-5.428
1965,81,"WODouglas",-7.107,0.787,-7.095,-8.737,-5.649
1966,81,"WODouglas",-7.269,0.816,-7.234,-8.942,-5.746
1967,81,"WODouglas",-7.433,0.838,-7.396,-9.141,-5.889
1968,81,"WODouglas",-7.546,0.844,-7.49,-9.315,-6.021
1969,81,"WODouglas",-7.626,0.873,-7.564,-9.438,-6.054
1970,81,"WODouglas",-7.689,0.894,-7.655,-9.604,-6.013
1971,81,"WODouglas",-7.751,0.915,-7.702,-9.695,-6.088
1972,81,"WODouglas",-7.779,0.944,-7.726,-9.775,-6
1973,81,"WODouglas",-7.825,0.969,-7.77,-9.826,-6.05
1974,81,"WODouglas",-7.887,1.008,-7.844,-9.984,-6.061
1975,81,"WODouglas",-7.891,1.049,-7.85,-9.99,-5.971
